image,avg_r,avg_g,avg_b,dom_r,dom_g,dom_b,colorfulness,entropy,harris,edge_density,sharpness,Banksy
Harring5.jpg,192.54016961821895,181.6076636242808,125.71246760688382,253,248,226,106.89715594976803,220022351.8981388,799,0.0403839567100872,32.19501356041007,0
Harring17.jpg,115.8369506016466,136.6172846738442,154.20645292379143,255,255,255,61.145351578769926,1313310052.559275,1579,0.0503947646189571,35.00984026458377,0
Harring33.jpg,175.6898195510088,183.9179312304632,159.48407928388747,238,238,238,61.242024613272285,64512441.21333577,414,0.0712347257743677,40.70814625367055,0
Harring6.jpg,156.9149890625,145.31417864583332,96.17645416666667,245,245,243,130.7098798446494,1181950222.6099367,1250,0.0342963541666666,23.406848090277776,0
Harring28.jpg,203.1572924773022,159.33660992217898,156.95240434500647,255,255,255,94.26295647287849,296024149.77519,771,0.1177577821011673,78.69833765672287,0
Harring19.jpg,192.75331739707835,158.851203187251,130.24627888446216,233,232,228,120.36590253156209,306997443.99328554,753,0.0342576361221779,19.573292607348385,0
Harring30.jpeg,143.50750199532584,128.3237457388867,114.06247483453484,72,137,217,90.62114304859745,898720286.2239197,1059,0.0217049898191812,13.195188960104469,0
Harring2.jpg,111.4666075,146.03427175,174.06598375,211,210,205,67.02847455890023,3185489238.8179574,2000,0.006279,12.923252583333332,0
Harring27.jpg,159.86644101123596,150.3749859550562,144.4782893258427,215,210,204,35.87712816170277,210832996.30941,712,0.0685983146067415,38.19613951310861,0
Harring14.jpg,87.6854963671635,101.98199848179966,120.14107454845588,96,200,255,81.94086307424722,345581387.5203932,557,0.0958008506741532,56.77929865570992,0
Harring15.jpg,210.67151030324223,203.8617208984406,180.9517530613002,255,255,255,24.445517613559957,560453984.2075802,1419,0.0143348593470992,11.968760431734728,0
Harring43.jpg,181.4604584731601,125.157141466154,81.25530888686602,239,228,210,112.45690361326818,1204229048.3182294,1068,0.0841858801045247,52.87081878456041,0
Harring25.jpg,211.3897164351852,208.33519161522636,208.1301035236625,255,255,255,27.80492382924124,241541653.48541853,1440,0.0319264403292181,20.291177554869684,0
Harring9.jpg,196.67415094041783,157.82825831300957,128.704837844024,254,253,235,101.077979916819,290221410.5557753,807,0.0395938405196568,36.65411921167492,0
Harring1.jpg,207.41490146109413,187.6355368671424,183.67908002038732,255,255,255,73.34441655737912,350959736.5438113,981,0.0386765205572545,31.077155680144976,0
Harring18.jpg,185.10214326502916,183.22743292339777,176.3538205938824,245,240,234,5.313382558825653,2300152104.630285,1888,0.017893852621822,19.055687855866,0
Harring13.jpg,123.0986887755102,130.02473032069972,133.21174198250728,239,107,45,101.2737554257564,850090903.8430394,1400,0.0367886297376093,22.24168464528669,0
Harring22.jpg,149.81736141851107,114.64087399396378,110.05263858148894,1,1,3,91.66445622601684,2320002821.6373105,1988,0.0125299295774647,14.58692094232059,0
Harring34.jpg,136.2954873046875,140.85723193359374,108.39001806640626,236,235,241,123.98856696859336,1256358492.308503,1280,0.01762109375,17.0934697265625,0
Harring8.jpeg,171.51439911489214,143.06433144281172,17.741702113946893,180,34,35,119.12505858206312,135981100.4472937,431,0.3186388244392885,82.9949424966343,0
Harring29.jpg,204.736834375,202.5276171875,195.5227125,255,255,255,84.73599977280004,111668234.00786749,800,0.0465078125,26.245240104166665,0
Harring35.jpg,189.48326842105263,182.5508289473684,190.57290921052632,224,221,228,59.684575158794544,309553705.8022718,760,0.0360421052631578,20.06755614035088,0
Harring3.jpg,191.3177485,155.127406,69.079418,255,255,255,134.91316343743654,2200757013.8075223,2000,0.06135475,46.30091308333333,0
Harring12.jpg,166.9706238283938,153.98027549059157,157.00701184063783,254,253,235,77.93365721839109,307598039.2859354,804,0.0406690711782897,39.95402426131135,0
Harring26.jpeg,153.23994010855324,114.61928211198284,92.85318863421053,246,207,70,110.20517176445227,1740146237.0254605,1918,0.0202986334373195,18.10682532215379,0
Harring31.jpg,127.79797202797202,116.0182583041958,101.17948208041958,255,255,255,110.36233907005791,170585407.28910342,800,0.1114750874125874,60.94327141608392,0
Harring42.jpeg,131.86805748610007,103.43072068606035,38.54250148927721,198,80,34,97.6551104240558,1268905177.133499,1259,0.0632855937251787,38.67969660113847,0
Harring38.jpg,168.4338458819371,177.7006150583245,153.407460233298,255,255,255,95.7961523348563,324585407.581531,1200,0.0308156592435489,19.16071963002239,0
Harring41.jpg,149.43930605515587,167.63589228617107,117.92575489608312,248,248,248,121.22101608607731,1110301397.247441,1600,0.0227403077537969,17.03625099920064,0
Harring20.jpg,177.283801,176.355956,88.228718,253,249,0,145.08607066663768,524605812.259562,1000,0.038585,32.53493233333333,0
Harring37.jpg,186.32152249134947,178.87910034602075,116.15664878892734,219,219,219,125.26975881090002,261687137.7554025,680,0.0418391003460207,28.28572376009227,0
Harring21.jpg,137.216988,141.071329,113.318173,17,17,17,91.37998290176124,679380706.5720146,1000,0.028908,26.627341333333334,0
Harring11.jpg,213.21969911504425,206.4690404551201,200.3608432364096,255,255,255,68.32265382768824,139985912.16025817,1000,0.0339987357774968,20.26124315212811,0
Harring32.jpg,144.70592793367348,130.30585459183675,82.85622130102041,255,188,3,119.02521316022332,183264720.13445497,490,0.03921875,23.762257653061223,0
Harring36.jpg,159.83256724028044,146.53824091778202,136.65718929254302,217,214,207,93.85543458260862,482220152.5237196,1046,0.0951128107074569,46.8183484172509,0
Blek31.jpg,86.5252957233849,87.19548074006673,90.50676372459812,255,255,255,4.911484481330328,20197261.58906152,157,0.1711859265999393,65.77219694671923,0
Blek50.jpg,113.28841452289728,116.49903302317097,123.2748586024448,0,0,2,31.42167055899934,35164833.443903126,261,0.2208173690932311,83.92695980052302,0
Blek47.jpg,178.49108527131784,182.4769102990033,181.55060908084164,240,235,231,57.801315112129856,17156818.16434752,172,0.0765227021040974,40.68410852713178,0
Blek13.jpg,112.74320047768325,120.10029855202268,112.81439020749366,158,159,141,27.087869582167645,59858488.244265065,319,0.0959844752948201,49.895272926307406,0
Blek33.jpg,173.2208815958816,158.23925353925353,144.97619047619048,255,255,255,29.54798470737674,27468678.344916,296,0.1045688545688545,51.56326147576148,0
Blek42.jpg,67.29264274430152,91.73240803430376,86.24926653125705,47,72,66,23.210029571230383,44539104.54827827,211,0.0554502369668246,27.84634770179794,0
Blek46.jpg,164.2695831273686,163.2494480144999,163.7567638820234,239,239,239,10.657783914751947,18736704.60026559,289,0.0522820893063107,25.624446641401654,0
Blek14.jpg,178.56794249775382,179.93777178796046,181.38046720575025,223,224,226,3.3288768393722554,23159726.73597569,265,0.025947888589398,13.876406109613656,0
Blek19.jpg,137.30578863515666,128.29221101079838,128.34018410338112,6,6,8,10.723415314059167,36303218.95605271,269,0.0607364135245176,28.468419189237032,0
Blek24.jpg,128.38417721518988,118.19888487040386,102.58170584689572,255,254,255,40.68817459410298,25105656.51219469,158,0.1504520795660036,69.87314647377939,0
Blek26.jpg,121.36884353741496,116.56866213151928,111.6595313681028,234,234,234,28.834962699147155,58065936.01256118,315,0.2486923658352229,82.34572940287227,0
Blek25.jpg,58.58789115646258,59.34904761904762,61.376780045351474,19,20,22,3.155877370787255,41186733.11223087,210,0.0835147392290249,36.23823885109599,0
Blek32.jpg,172.55034506556245,48.21040372670807,39.60969634230504,255,45,28,145.19883056014123,49694881.197833456,276,0.0795203588681849,40.2060443984357,0
Blek29.jpg,152.82374149659864,151.82513605442176,136.22906462585033,219,213,191,29.968543197311725,37582626.75666176,280,0.1031122448979591,44.164693877551024,0
Blek40.jpg,165.46184939091916,140.05620155038758,102.61616832779625,0,0,0,69.32733848490828,20751012.894024864,172,0.185188261351052,78.48332410483573,0
Blek20.jpg,124.828537414966,124.43401360544216,125.6462925170068,156,156,156,12.091551112809196,25033403.114699416,140,0.1507142857142857,58.60434240362812,0
Banksy30.jpeg,94.43888047138049,88.03560606060606,65.16470057720058,9,14,10,49.61622711135335,765827189.8380393,1155,0.1401827801827802,54.16588504088504,1
Banksy73.jpeg,143.07880546191691,132.22597172239432,121.98904427842564,147,140,132,23.0896357856235,570625772.2167406,686,0.0555587190233236,42.9214085466776,1
Banksy84.jpg,104.33424925484351,84.58976224850969,81.67787554722429,84,56,53,29.680193376756524,691741227.4373515,1024,0.0920326471684053,58.08428563943741,1
Banksy12.jpg,119.25699869791669,121.98312123616536,118.92911529541016,27,27,27,11.949106863850329,658917682.7735902,1024,0.0840085347493489,39.102601793077255,1
Banksy11.jpg,134.65903455946182,128.7299818250868,117.1447238498264,221,202,170,33.45029346482425,543955750.700421,720,0.0679985894097222,32.2692626953125,1
Banksy10.jpg,175.61371226995007,177.56237961642984,179.3441139515574,204,208,209,13.646819519845277,333032365.34346265,609,0.0392735808055954,27.94783026318237,1
Banksy4.jpeg,137.24272497897394,133.2892661900757,122.49626576955424,0,0,0,19.41744010742661,296801777.4084757,580,0.1008010933557611,48.7548808522568,1
Banksy13.jpg,113.73233322657394,108.972753477306,83.28382366398243,1,2,23,46.0910967429158,607374870.4027869,683,0.0544658789348462,38.13043138421181,1
Banksy14.jpg,118.8589628597553,114.14459877215135,118.02026385683808,46,40,44,21.70109085061567,300867871.97759354,579,0.0612153669758058,39.37535110762785,1
Banksy15.jpg,152.12078659188035,147.30145065438035,143.97045272435898,216,211,208,14.403372161469752,420512287.904512,624,0.0488448183760683,31.167201411146724,1
Banksy16.jpg,127.07476509849664,91.54783242612751,79.56592956194919,144,95,80,35.32604989266271,614707802.5315816,643,0.0243681959564541,44.89071734059098,1
Banksy17.jpeg,126.65028571428572,134.53896147672552,141.18190208667735,144,149,153,11.78670189521301,525637376.4973777,623,0.0643756019261637,33.20352594970573,1
Banksy19.jpeg,131.7167050508259,128.5240141648377,130.9610972334527,247,251,254,23.958611323553555,431276962.4351063,787,0.100467829502137,45.79142300546764,1
Banksy21.jpeg,119.5818459169708,132.93186159899636,147.8545534899635,255,255,255,32.41649768621529,586624757.5339277,1024,0.0264099566605839,21.278203410127738,1
Banksy22.jpg,118.42623973727422,118.26994800218938,116.7494581280788,12,12,12,5.426497028249488,309042779.9860037,522,0.1028899835796387,50.554526546250685,1
Banksy23.jpg,138.3481655534351,139.7695014312977,143.27899570610688,0,0,0,11.824232204337354,319057678.7745511,655,0.1153959923664122,55.31392493638677,1
Banksy24.jpeg,161.91613330696202,159.36338014240508,160.97261471518988,180,180,182,9.109327262368398,346928010.91434073,800,0.045878164556962,29.43381658755274,1
Banksy25.jpeg,154.96884798728814,156.22890095338985,156.77879237288136,170,170,170,3.584720040272096,267471325.97369933,472,0.0244915254237288,17.409919668079095,1
Banksy26.jpg,113.23090112449364,114.93061346333184,118.9058588141255,1,1,1,14.272406723794726,318940277.3011084,521,0.0447626425353655,30.374780224569783,1
Banksy27.jpg,137.40758601937907,136.4603791773779,137.93277387779315,156,156,156,10.631941374444846,330893716.9669978,520,0.0645021752026893,46.79869405444598,1
Banksy29.jpeg,161.3240125,140.59824375,140.02724583333332,18,47,43,32.550191108844274,361745639.5480658,600,0.1034354166666666,51.60384097222222,1
Banksy28.jpg,137.71597830376857,125.69941279373649,127.1769458874228,171,176,180,42.07762141255741,306483908.96526873,482,0.1483055819262072,67.12820847866821,1
Banksy32.jpg,124.03843915343916,127.47836860670192,126.54569003527337,144,147,140,29.853058398514435,389860076.3457598,800,0.070895061728395,50.03559156378601,1
Banksy31.jpg,143.729564269498,146.35973408980692,148.3537944560557,10,10,10,10.74452341336572,307542604.970906,599,0.1041174021827295,57.0576882636442,1
Banksy33.jpg,152.75928097345133,167.69569690265487,179.9866592920354,255,255,255,31.568417376241115,156911328.26685658,452,0.0900700589970501,54.02299041297936,1
Banksy34.jpg,90.40067816719584,96.0558353163769,98.45272491534143,0,0,0,15.600355644678054,289388195.6393943,591,0.1188859901623062,51.44431935727666,1
Banksy36.jpg,81.54737209302326,74.05455426356589,77.1334534883721,13,11,16,19.04429306421367,218587938.1505103,430,0.1665193798449612,73.33641343669251,1
Banksy35.jpg,121.26010942760942,110.40887626262626,106.05561868686868,153,140,132,21.81270151799727,209310422.36884904,396,0.1836910774410774,74.64485129068463,1
Banksy37.jpg,127.60584261321456,126.42050853749072,128.2720564216778,2,2,2,13.447545893398814,216775519.0139289,449,0.1807423904974016,73.87097871813907,1
Banksy40.jpg,128.8084,125.34606458333332,123.2443875,119,119,119,20.797887502302554,425542194.0013043,600,0.07891875,37.10956041666667,1
Banksy39.jpg,156.7840625,165.33139166666666,165.10125416666668,197,212,219,18.809725501123957,132890284.4874895,400,0.0807125,39.15668888888889,1
Banksy38.jpg,168.6724655172414,159.0130316091954,142.30341379310346,213,210,205,32.55673497800234,217849854.5032085,580,0.096367816091954,53.20683429118774,1
Banksy42.jpg,112.85277655677656,114.81862637362636,116.57257875457876,147,150,155,10.384402184913988,248929384.8724124,455,0.136025641025641,66.90513797313797,1
Banksy43.jpg,120.91785504047094,121.87298013245034,119.81963208241352,111,112,107,6.744295242494892,240300483.93648311,453,0.1445290654893304,57.91490924699534,1
Banksy44.jpg,154.31910370370372,141.7104111111111,143.7164962962963,169,169,169,43.697341663774765,185808467.25609905,450,0.0615296296296296,38.6283,1
Banksy45.jpg,177.47792167851284,169.7488330371788,158.61384807271733,3,3,3,47.214017702707935,315096685.3314331,944,0.0544969928922908,28.893234007654456,1
Banksy46.jpg,132.89122320768664,123.0959940872136,121.54373983739838,3,3,3,15.5048667793963,216849514.12333077,451,0.114320029563932,58.47216432618872,1
Banksy47.jpg,59.41073653198653,56.17107323232323,54.2979335016835,0,0,0,11.752487923933357,240161631.2827533,396,0.0664183501683501,31.8643265993266,1
Banksy48.jpg,125.90338308457711,121.70626865671642,105.48155887230514,128,125,106,16.7501282414747,215157314.9570648,402,0.0557172470978441,37.42717661691543,1
Banksy49.jpg,85.69343651398107,110.69098574692634,102.29466597758676,16,16,16,35.09206238513807,335502781.427942,728,0.1562397998041562,67.93435153954955,1
Banksy50.jpg,143.20569413511507,142.81912769116556,139.7132887899035,0,0,0,11.38915129453964,171613144.825474,449,0.1962917594654788,70.08795223954466,1
Banksy51.jpg,186.6348160412068,179.9885025754231,179.06366813833702,202,188,177,22.411622639551087,140721616.5398709,453,0.0590949227373068,48.70400662251656,1
Banksy53.jpg,177.95508279973504,160.45293442260984,161.25421505851182,239,246,252,58.76549703856527,253678303.84238493,700,0.0199889600353278,16.274963568116583,1
Banksy54.jpg,132.0443676900585,134.00016081871345,126.64001461988305,0,0,0,17.521683866885216,172231364.58293498,456,0.1421527777777777,63.99120857699805,1
Banksy55.jpg,108.98584014956764,106.99110306146297,110.5212666510867,99,108,125,17.710273756888537,406074562.7331098,550,0.1415307314793176,65.17335981927242,1
Banksy57.jpg,106.28977667493795,103.78558726220017,96.72937551695615,0,0,0,36.770569371139736,208006068.5385613,403,0.1211290322580645,52.7675682382134,1
Banksy56.jpeg,147.3197058973574,131.17275561007804,136.99825153364452,169,151,163,17.45839667783062,4024046004.4007382,1936,0.0136222547444138,23.256163207729653,1
Banksy58.jpg,161.32050833333332,156.96683333333334,149.1384416666667,238,238,212,27.99539391415547,151757179.1556639,400,0.1250333333333333,49.41802638888889,1
Banksy59.jpg,129.98470805617148,127.92576127124909,127.9378787878788,255,255,255,5.719760491436815,233807969.6957475,451,0.0639430894308943,60.157140921409216,1
Banksy60.jpg,145.93172048611112,133.66271006944444,117.83743229166669,170,148,124,23.63714338342231,464584643.9430589,600,0.0240277777777777,28.177016203703705,1
Banksy61.jpg,164.20702008928572,164.19152901785714,163.63752604166666,246,246,244,12.928435316140266,158512223.121778,448,0.0628683035714285,32.825345982142856,1
Banksy62.jpg,119.63537688442212,151.13536013400335,150.28379396984926,232,222,221,53.72526265786897,181784310.3817755,398,0.0814572864321608,49.30152987158012,1
Banksy63.jpg,165.54636741479635,171.8853200332502,165.68479634247714,255,255,255,17.460132590203436,107840327.53609943,401,0.076313383208645,44.95872817955112,1
Banksy64.jpg,120.7039800443459,123.85451589061346,119.3259349593496,204,199,196,8.768810301644343,236070464.69991475,451,0.0759645232815964,43.89248952944075,1
Banksy65.jpg,160.00641336270192,147.82556534508078,145.5240528634361,255,255,255,42.96900306290881,166217173.76116845,454,0.139284140969163,55.48908712677435,1
Banksy66.jpg,140.59109992542878,140.64410887397466,139.9960067114094,169,179,188,21.389069895721807,195311306.7172292,447,0.0453206562266964,23.26057171265225,1
Banksy67.jpg,117.06932592592592,121.24518888888888,112.29376296296296,154,156,155,14.927790231557449,247753366.79097807,450,0.0173814814814814,28.10088148148148,1
Banksy68.jpg,129.54710975609757,135.88426016260163,122.99389837398374,162,165,158,26.82638341354071,203452228.56629133,410,0.1206747967479674,64.44458536585365,1
Banksy71.jpg,188.0912219451372,169.34381546134662,159.01019118869493,216,198,184,31.596837201690175,130427393.1458332,401,0.1864297589359933,72.51497506234413,1
Banksy70.jpg,144.9000200803213,152.94323866896156,160.71752151462994,71,123,173,34.241531021769106,245944422.5717045,581,0.1243459552495697,49.28842704149933,1
Banksy69.jpg,160.59388639760837,158.51185351270553,159.9575,202,201,207,11.001042865846603,170935810.86877984,446,0.0728363228699551,52.15735176880917,1
Banksy72.jpg,140.57717948717948,141.08570512820512,139.09111932938856,177,181,184,32.95899638115224,154681381.26580772,338,0.1318984220907297,62.53955950032873,1
Banksy74.jpg,150.72114675516224,140.33233038348084,140.04123525073746,0,0,0,37.75193150698786,184449586.06025857,452,0.0944542772861356,54.76952433628318,1
Banksy75.jpg,128.49262790697674,111.22759302325582,75.5379031007752,200,180,127,47.67805314229357,219474766.9925201,430,0.0522984496124031,30.29823126614987,1
Banksy76.jpg,117.40339649822695,116.13784768395392,102.60794363179669,158,160,157,16.928543371511108,393038460.3652379,768,0.0996601654846335,54.66364925014776,1
Banksy77.jpg,44.74460069444444,38.58338975694444,36.75032118055555,0,0,0,30.79708274419101,138398367.73987162,384,0.1041666666666666,40.51428530092593,1
Banksy78.jpg,161.01472713864308,167.81180309734512,167.0345132743363,213,224,226,13.865575886452264,163959958.47574607,452,0.0849004424778761,41.42196533923304,1
Banksy79.jpg,142.70401433691757,130.0007275985663,120.70420430107526,0,0,0,27.82569712580682,194384409.54586712,465,0.1442544802867383,60.45609318996416,1
Banksy80.jpg,129.69501531606795,121.22900538382994,110.01145688294812,255,255,255,22.903816055803507,380247321.8941143,760,0.1141511185370834,51.65951530059717,1
Banksy81.jpg,138.2426290047269,118.9180344012605,86.62865185136555,3,3,3,40.76801699573884,519631841.4746435,952,0.1395204175420168,66.94191067051821,1
Banksy82.jpg,111.36437407407408,113.3529962962963,112.69468518518518,142,144,143,4.289436916418008,247086722.96098563,450,0.0179333333333333,16.43726172839506,1
Banksy83.jpg,146.7189808682855,148.97946284032378,156.77982707873437,205,213,224,20.14773093992229,173118933.0707989,453,0.0976048565121412,51.825262447878345,1
Banksy85.jpg,133.3796590909091,130.91520454545454,123.10570833333334,0,0,0,25.13430881943271,182175381.93195304,440,0.2403181818181818,83.33436994949496,1
Banksy86.jpg,124.84526235383984,123.22871849109818,118.20547153181738,144,135,126,19.334532535958854,380020805.0823804,775,0.0496151360244432,30.98225982725189,1
Banksy87.jpg,115.9878721859114,106.5003776325345,97.55220769789398,127,114,98,15.876422240071992,249114331.8111336,459,0.0863798111837327,49.10015250544662,1
Banksy88.jpg,74.9043149540518,73.87870927318296,62.785225563909776,0,0,0,33.819888408395855,230162895.6958273,399,0.0955973266499582,56.8313798384851,1
Banksy89.jpg,80.10145645645646,72.85961711711711,52.15313438438439,2,2,2,26.86403913783113,249914051.33785743,444,0.0518618618618618,32.92207707707708,1
Banksy90.jpg,106.10704562178071,100.44212656364974,97.29718175128772,38,37,42,25.329665685431145,246956645.8336425,453,0.1345217071376011,68.42999509443219,1
Banksy91.jpg,131.97651982378855,127.39330029368575,136.9685389133627,152,144,155,14.776006380077389,232454682.47528785,454,0.1520411160058737,71.21755017131669,1
Banksy92.jpg,104.24729007633589,109.97459923664124,120.1029834605598,145,148,155,17.214127315942502,280117892.8682693,524,0.0999936386768447,52.420758057676,1
Banksy93.jpg,150.81102434928633,154.07722082283794,147.80473131821998,255,255,255,23.269295836971285,160740345.83927625,397,0.1014861460957178,48.96111390987965,1
Banksy94.jpg,183.63643703703704,171.1757851851852,163.24965925925926,213,199,186,26.636065738420463,146536761.26349258,450,0.0903851851851851,63.87873086419753,1
Banksy95.jpg,133.6108518930454,134.73198735859805,134.00290037888035,151,151,151,6.020600106850954,354601251.9394961,772,0.0862540578176853,46.86009307737056,1
Banksy96.jpg,177.40245427790623,162.66907714946396,147.9829514399832,254,254,254,28.84510691900197,106721243.20181702,355,0.0336031112045406,22.867821105738912,1
Banksy97.jpg,88.68644420131291,96.9414150255288,104.89689642596645,181,215,240,38.62831651239945,259654486.8681878,457,0.0315207877461706,18.41627522489667,1
Banksy98.jpg,129.3465407220823,119.85648194794292,121.58075146935349,181,181,181,29.46736889354668,198763160.8146958,397,0.145281276238455,60.2162608452281,1
Banksy99.jpg,105.50690625,105.50690625,105.50690625,255,255,255,0.0,450246151.5466835,600,0.018125,31.0213125,1
Banksy100.jpg,103.56199638429752,99.82050835055097,89.01411200068871,13,14,16,24.3116144704439,444409012.292814,660,0.1400137741046832,62.69056617309458,1
Banksy102.jpg,125.84143195266272,91.94709822485208,88.67385088757396,157,157,157,67.27501755719534,412069014.7670052,650,0.0617159763313609,35.47790138067061,1
Banksy101.jpg,161.20768887362638,142.25987637362638,131.07382898351648,235,234,242,24.79357264019589,219313962.0664646,455,0.0541895604395604,35.56789720695971,1
Banksy103.jpg,203.69742922598596,191.17249877270496,176.22867452135495,226,210,194,15.545605921459453,274077848.7603865,679,0.0584683357879234,39.24351006381934,1
Banksy104.jpg,196.48973922077923,180.9280955844156,182.88161662337663,220,220,222,45.22626031229514,228978837.39532337,550,0.0972592207792207,42.62558406926407,1
Banksy5.jpg,156.14163428357088,153.21139647411852,138.37087959489872,4,15,11,17.940325646549326,1779106264.2445683,1333,0.0272220555138784,21.84211227806952,1
Banksy6.jpg,157.6093159334627,177.35979959289526,168.70262362987887,169,192,184,29.474335197968223,394845693.22550905,711,0.0467621523141471,27.0997085185383,1
Banksy7.jpg,150.02985458428537,137.85966833910442,135.32244285837672,208,213,233,17.87549601549799,383309959.9819411,534,0.0552787788848844,30.032357352052077,1
Banksy8.jpg,141.8720750910984,149.67419638209267,153.75645171785527,173,191,203,18.71368938875393,229509061.78080732,452,0.0377082248828735,20.914698290820752,1
Banksy9.jpg,146.11673893119007,144.30141885222787,145.85803898759164,179,179,179,13.10416911400237,438683367.1088917,591,0.0414639734912577,29.09678746004888,1
Banksy20.jpg,142.43304361979168,131.7976220703125,130.66520182291666,158,157,155,32.849467600270415,496785298.2521766,640,0.0496419270833333,38.11674533420139,1
Banksy18.jpeg,110.33124673458724,107.57849888975969,106.86321675809822,8,8,8,14.332887950392418,564146029.426047,638,0.0385041144200627,50.9025960031348,1
Banksy3.jpg,146.30888716671444,112.14766476132452,77.279541015625,242,217,195,47.651144175704815,768075991.2892408,872,0.0950815743262614,47.745849236071294,1
Banksy41.jpg,133.37110372510213,122.9351139555669,103.78250486784984,142,134,115,23.9219885381472,870266382.171792,1024,0.1056193740423901,59.50519636321076,1
Banksy52.jpg,106.17089335123698,99.96676508585612,85.03997039794922,126,117,102,23.77995722110979,774679191.6965281,768,0.0306777954101562,34.240051693386505,1
Banksy1.jpg,130.04239375,128.2672354166667,129.43750625,113,115,112,15.775723985390515,408109400.0123656,600,0.0420354166666666,25.00743125,1
Banksy2.jpg,169.2553875,164.952146875,148.804915625,233,220,185,21.99149015926436,360967325.8188675,800,0.1792859375,73.39209583333333,1
Brainwash2.jpg,172.49153662420383,157.60050636942674,149.18114012738857,255,255,255,54.149158601170726,383921023.6757821,785,0.2092404458598726,70.72003715498938,0
Brainwash1.jpg,141.60519587145205,131.10275392915787,122.6327773868168,1,1,1,65.86565551247284,308675271.47886586,700,0.2724935491437954,90.35680037532256,0
Brainwash5.jpg,140.53946957236843,143.24728001644738,148.11838815789474,30,125,219,80.63408803359707,337890393.9068752,608,0.2004543585526315,74.47181537828948,0
Brainwash3.jpg,152.46804133333333,149.938056,144.00252666666665,225,227,226,47.63144171790591,531618455.2209874,1000,0.2181306666666666,77.3636591111111,0
Brainwash10.jpg,138.02697587131368,121.75334584450404,106.7466273458445,32,33,37,63.717557030920645,156881694.46998426,373,0.2949168900804289,93.08314745308311,0
Brainwash45.jpg,183.21728947368425,195.60594210526315,191.1047894736842,255,255,255,67.5586166703507,83025782.53125641,380,0.2313684210526315,82.40106666666667,0
Brainwash25.jpg,160.8732460496614,149.86431602708802,133.11237020316028,239,239,237,72.74976955243172,157635392.84058374,500,0.2788306997742664,90.99100827689992,0
Brainwash46.jpg,177.23647368421052,185.15733684210525,176.5363210526316,255,255,255,69.85714942316315,91834117.3299418,380,0.2778315789473684,91.85275438596491,0
Brainwash15.jpg,135.972015,134.10092,128.269865,0,0,0,69.71756942400434,143233895.16325128,500,0.240645,86.12605,0
Brainwash21.jpg,157.00402257336344,124.53640180586908,106.25057787810384,255,255,255,103.10771992898924,174375436.9426354,500,0.2046997742663656,76.18042889390519,0
Brainwash9.jpg,174.35774412532638,179.0098955613577,175.89133159268928,255,255,255,73.51158939996519,93324685.57489084,500,0.1462140992167102,54.63176849434291,0
Brainwash24.jpg,152.73543083003952,136.06709881422924,133.07984980237154,255,255,255,73.32035556638998,91722046.20708308,253,0.2636284584980237,87.60112516469039,0
Brainwash17.jpg,173.87263243243245,120.9229891891892,125.29736216216216,246,2,53,121.61033331049131,140741716.2185676,370,0.2075837837837837,71.81373873873873,0
Brainwash20.jpg,145.82617808219177,135.59333333333333,123.1776301369863,31,34,41,73.26320293912413,175095462.4289016,500,0.2465388127853881,86.3511902587519,0
Brainwash22.jpg,180.9321698630137,155.7487397260274,153.6550082191781,255,255,255,67.85266692140831,116297999.2401762,365,0.1768657534246575,68.66016803652968,0
Brainwash36.jpg,119.70816438356164,101.79750228310502,84.93668493150685,19,19,19,72.69026324943816,201411704.9105741,500,0.2105844748858447,79.95043531202435,0
Brainwash34.jpg,114.14686933333331,109.38005866666668,104.36233066666668,17,17,19,46.71203016934966,172433120.92336252,500,0.2370773333333333,81.82276977777778,0
Brainwash23.jpg,150.10063414634146,158.08905149051492,167.14038482384825,35,104,207,63.02727427867876,125623529.6057838,369,0.2033387533875338,72.98895392953929,0
Brainwash6.jpg,181.79457881136952,177.2873488372093,174.3454315245478,255,255,255,73.44613660835039,92073918.51685517,500,0.1362790697674418,53.48506287683032,0
Brainwash48.jpg,138.95930790190735,149.0163378746594,152.4361689373297,255,255,255,77.61669004868034,126856374.85978124,367,0.1833896457765667,66.19753860127157,0
Brainwash18.jpg,140.56196825396825,133.71643915343915,123.07844973544974,18,17,15,66.55877440804521,140838715.82075867,500,0.2313015873015873,81.25105643738976,0
Brainwash26.jpg,198.0990612244898,159.63586224489796,160.77477551020408,255,255,255,68.43829806593887,106047113.52045836,500,0.1538010204081632,55.026576530612246,0
Brainwash12.jpg,151.6227947368421,139.52811578947367,131.87497368421052,158,165,171,76.01684704824689,140496778.69428727,500,0.2461315789473684,84.64131929824562,0
Brainwash11.jpg,120.36416304347826,147.0056141304348,163.07196195652173,255,255,255,103.0917345294312,139162401.36109346,368,0.2172445652173913,74.21491304347826,0
Brainwash19.jpg,180.4724946236559,167.41125806451612,170.97287634408602,239,155,217,48.44950111349306,109707863.57663898,372,0.1614247311827957,64.5504982078853,0
Brainwash16.jpg,161.18009090909092,163.22618181818183,152.8986,255,205,2,80.13515973799552,102278376.02824213,330,0.2628848484848485,87.04266464646464,0
Brainwash13.jpg,155.78018436873748,157.65026052104207,145.33928256513025,255,255,255,89.48208860460969,162357939.46259424,499,0.2219799599198396,78.48742150968604,0
Brainwash33.jpg,148.0718904109589,143.36628310502283,134.3436894977169,255,255,243,65.42238476634566,159472185.2638238,500,0.2561141552511415,89.6626210045662,0
Brainwash8.jpg,83.26654155495979,91.23266487935656,107.4405254691689,1,52,144,70.53389721703519,181939220.4597826,500,0.1664879356568364,64.92997319034852,0
Brainwash14.jpg,140.539424,144.775284,145.05736,55,153,224,90.6262912069296,180296434.7953313,500,0.226052,77.99044666666667,0
Brainwash29.jpg,150.4975590551181,146.7547086614173,143.8670446194226,55,59,58,74.06512061472465,137224016.65334523,500,0.2139790026246719,76.21089238845144,0
Brainwash31.jpg,133.32204210526317,130.54996842105265,125.39151052631578,114,125,131,61.44630134356967,154620475.6588213,500,0.2426842105263157,85.29288947368421,0
Brainwash41.jpg,126.98655789473683,146.62986842105263,150.26587368421053,50,147,216,76.91183054426803,144558366.62803507,500,0.2208842105263158,78.35455438596492,0
Brainwash39.jpg,181.79136315789475,154.5176789473684,144.60098947368422,254,254,254,75.67447943466338,124048333.65693916,380,0.2454578947368421,82.60480175438596,0
Brainwash35.jpg,148.70325789473685,140.55064736842104,129.58128947368422,244,248,233,73.20235704989125,142417513.48117578,500,0.2479157894736842,86.86325263157894,0
Brainwash43.jpg,146.04107901907358,147.99691553133516,139.28903542234332,255,255,255,80.26523063861565,128001154.9101664,500,0.257307901907357,88.79396730245232,0
Brainwash32.jpg,146.9932145748988,147.14982591093118,145.73355465587045,254,254,254,69.88352940433307,181313646.30992475,494,0.2228502024291498,81.85561538461539,0
Brainwash38.jpg,148.03566366366366,143.95152552552554,137.65945345345347,254,254,254,69.51666180118464,124485757.2711121,333,0.2667867867867868,89.9897017017017,0
Brainwash42.jpg,163.21716842105263,132.9045052631579,141.65195789473685,0,0,0,81.4924851153468,132984313.17336656,380,0.221,75.86336842105263,0
Brainwash37.jpg,155.99728,154.232085,144.62297,254,254,254,69.59276459115179,127557315.91111124,500,0.23929,85.76217,0
Brainwash47.jpg,176.790128,167.869736,163.396092,255,255,255,71.68618504013698,140411573.24911112,500,0.269928,89.31764666666666,0
Brainwash28.jpg,145.06327368421051,136.69103684210526,126.44294210526316,255,255,251,69.55125049007526,133366890.50709096,500,0.2227947368421052,81.40557368421052,0
Brainwash27.jpg,157.73932867132868,151.74683216783217,137.6281958041958,34,35,29,71.05323212985965,97375149.30641486,286,0.2674825174825175,87.48832634032634,0
Brainwash44.jpg,152.68643975903615,134.5254096385542,126.63078313253013,255,255,255,85.5443573954618,125540721.16068786,332,0.2684216867469879,88.46298393574297,0
Brainwash30.jpg,140.90517060367455,131.1895275590551,124.05617322834644,23,27,26,76.53293143576565,145519584.6329806,500,0.2220524934383202,80.50817147856517,0
Brainwash40.jpg,151.6868210526316,140.78716842105263,133.0893842105263,254,254,254,81.23581095847553,140203987.7845074,380,0.2738473684210526,90.56976666666668,0
Brainwash7.jpg,157.91717894736843,138.51650526315788,136.8106736842105,255,255,255,79.05945754116428,140738257.8339296,500,0.239378947368421,83.1093350877193,0
Blek5.jpg,210.9079103885805,209.83655828707376,206.94994052339413,255,255,255,4.906940671176731,12134803.827087697,194,0.0597938144329896,21.88183980967486,0
Blek53.jpg,135.84600097475715,132.5222513528957,127.43506940943162,148,143,137,10.952266466197951,183190542.6193249,422,0.0436497932842593,34.10612948584361,0
Blek41.jpg,221.7635294117647,209.93770220588237,164.0748161764706,0,0,0,77.14797695482856,39678363.62436095,408,0.0194975490196078,12.608390522875816,0
Blek9.jpg,205.1239126813541,201.518714132187,193.44791483073612,233,229,220,5.242089954873187,1204894957.180483,1861,0.0132563138097796,10.078690130754074,0
Blek11.jpg,100.4388761904762,120.63271666666668,140.01010714285715,226,227,222,46.56213652474673,626456903.6924872,1000,0.0188583333333333,10.56544880952381,0
Blek52.jpg,154.42716981996776,154.42716981996776,154.42716981996776,230,230,230,0.0,166722928.1411645,413,0.1123616532107148,54.93738972357376,0
Blek17.jpg,129.34162933333334,147.43861066666668,163.967976,187,205,215,23.08515216783512,263854106.56548035,750,0.0527626666666666,35.15248977777778,0
Blek15.jpg,150.63043925639678,168.28334057424215,169.42289575377862,247,255,255,31.46979987077401,139219112.37922934,433,0.0556787780394667,33.774091265939525,0
Blek10.jpg,186.7397213622291,187.06125386996905,184.08064241486068,238,239,234,9.668291901253363,39961458.16867004,400,0.0712538699690402,36.65095975232198,0
Blek30.jpg,179.81705729166666,36.11888020833333,38.18700520833333,197,1,2,128.7464182012039,40644707.686913714,192,0.0909114583333333,43.22897569444444,0
Blek35.jpg,189.72305165468487,134.6238238635146,92.28124171585918,12,14,13,89.25648616713954,2402021285.900833,1924,0.020739258395254,21.806725284072,0
Blek36.jpg,138.44284507318991,125.28615384615384,106.65609588368208,22,25,30,62.013143383776175,180002216.39676422,435,0.0943353964043619,50.37873530471232,0
Blek3.jpg,172.72953707652215,170.88192940061597,170.85052594171998,0,0,0,4.396332997294017,681586616.9503589,1500,0.0113124851930822,7.221586353944563,0
Blek1.jpg,246.08850823045267,244.3924742798354,244.3349305555556,255,255,255,16.16791204321103,64290091.7512491,1080,0.0163091563786008,7.426935871056242,0
Blek45.jpg,220.81536242336816,217.2692072718016,209.00667996011964,252,248,239,6.78303335675554,95258984.86289497,590,0.0376636049298911,17.738842338233525,0
Blek39.jpg,228.10625940725944,228.4792081252081,228.56051814851816,255,255,255,4.246173776965976,401387582.4893371,1500,0.0104538794538794,7.532556443556444,0
Blek21.jpg,153.7783660130719,124.68764705882352,114.63583333333334,0,0,0,87.01279463113761,33268811.253479924,306,0.2469771241830065,83.14422657952069,0
Blek38.jpg,123.472100181071,129.23728521622922,134.22173925085775,252,252,252,23.068997891069344,873388649.7000767,804,0.061470656460218,46.862272954411424,0
Blek12.jpg,168.1711428677343,102.59131264827997,78.1888975385528,203,66,48,83.2560024426084,473790642.16991657,960,0.0752335409252669,48.11821681000396,0
Blek49.jpg,205.2712225663121,120.9408960549347,118.9687659889592,236,236,236,135.7440289316746,995555046.5563812,1061,0.0220425474619631,15.16550109959158,0
Blek8.jpg,149.7618807118807,134.6553872053872,112.00495430495432,255,255,255,59.6012938122483,25012503.335939992,189,0.1112313612313612,62.72470739137406,0
Blek4.jpg,140.6437777777778,99.2382042042042,69.82446246246246,19,21,10,63.095120531796745,147727551.1582079,333,0.2386486486486486,77.99083483483483,0
Blek6.jpeg,131.37810728182325,136.11239994441357,130.6116133963313,255,255,255,11.866038989812631,920814725.9221607,1028,0.196359783212896,66.6798019733185,0
Blek2.jpg,107.98247485566348,67.61533174486803,68.1289721178519,0,0,2,58.9469875692259,698482100.9057506,682,0.0626045294171554,38.16646142625855,0
Blek51.jpg,150.57340590533087,154.20445772058824,159.59680498908548,180,185,191,10.065763655334306,1886793350.0365388,1360,0.0201484231387867,11.968588077320772,0
Blek34.jpg,132.09291666666667,117.9850125,121.09190729166669,10,10,10,81.98637865064012,727499534.9150748,800,0.0545604166666666,28.405638888888888,0
Blek27.jpg,127.86176037959667,120.93543534994068,112.67644602609728,15,15,15,20.369473381841203,357274448.2861456,562,0.1313831553973902,60.2913720838276,0
Blek48.jpg,149.57277659574467,128.58215957446808,103.5439574468085,41,36,30,34.77548541378753,77336361.61898135,376,0.0736063829787234,39.862425531914894,0
Blek28.jpg,111.82062441148776,102.44478283898304,91.9388300376648,6,6,16,47.27433234457032,616625221.7827882,944,0.0514197857815442,40.01256964061519,0
Blek54.jpg,123.5855178749199,122.10865607692924,115.17752375789546,28,32,35,21.252469375482104,4264174235.985097,2731,0.0925385046686195,46.41800558117448,0
Blek16.jpg,103.765708200213,93.81132234629214,81.87585276099495,0,0,0,24.59507905261066,172381289.34567806,313,0.1218275182150803,64.6718157438747,0
Blek37.jpg,164.77502847675262,166.45265610438025,163.3058382520451,255,255,255,29.826469307382776,523295249.8303014,1110,0.0636429532981257,40.15175175175175,0
Blek22.jpg,122.76047911547911,106.21883701883702,94.3801556101556,24,31,41,35.41825288496447,200739791.4455932,407,0.0764086814086814,38.34541769041769,0
Noir12.jpg,148.02838998120205,140.5443296245491,118.7247106640248,243,244,248,58.91330932338031,734984584.8082689,1215,0.210399837423157,74.02370573591423,0
Noir11.jpg,90.07166787527194,96.44129079042784,136.84165699782451,210,67,59,98.33913603954484,274612828.7829329,394,0.0256163886874546,18.624662799129805,0
Noir8.jpg,96.36558159722222,92.6673755787037,69.47834635416666,0,100,152,113.51201593227712,672579449.9576548,960,0.0324811921296296,25.75825424382716,0
Noir38.jpg,63.40250379362671,102.60225283062915,118.44904867514884,0,0,0,95.356782813538,222234500.01584607,364,0.1273908185896046,52.02102197246355,0
Noir30.jpg,127.72906064243256,133.0297715192044,131.66115597850938,251,255,255,59.794304147463,10850541160.76193,3240,0.01778885173754,17.242037370446578,0
Noir50.jpg,141.53880654631897,135.723223990979,107.0061308247915,13,13,13,87.64486597186175,130562465.6509871,346,0.0672054207259465,40.13399094513919,0
Noir16.jpg,126.62830747723672,118.23069390835312,95.28957405482976,210,219,224,60.74301133515892,1265448073.2742133,842,0.0594300524544734,31.59242502969121,0
Noir36.jpg,106.47417477284338,151.78588473367327,195.4699231624608,115,196,251,76.43549984578242,381667036.9987373,577,0.0844752106270223,40.79277907454343,0
Noir41.jpg,130.33847039473685,108.62857456140352,96.2612774122807,52,110,160,73.38201339827003,160148339.6993396,285,0.0578179824561403,32.39331323099415,0
Noir47.jpg,103.31430982576995,93.8420474807278,91.63868562932863,42,41,47,40.87023946369276,374801545.6547108,502,0.0548509812013565,31.80543430527558,0
Noir2.jpg,60.02862603259656,116.82486135298058,171.4249314579147,38,132,206,92.9736564913544,2004878137.6994853,1500,0.0462125474436258,29.581994195132843,0
Noir21.jpg,51.43635379892556,135.8515686876439,140.73779662317727,3,3,5,134.33907190192636,764747689.3718175,1303,0.0079877206446661,8.098334868252751,0
Noir19.jpg,150.84762708333332,153.638365625,158.36461145833334,185,192,200,71.77347112946893,672848993.894058,1200,0.019378125,14.558094097222222,0
Noir40.jpg,170.37356,146.79994933333333,124.52541866666668,196,213,221,63.53443111308418,549454888.5258702,750,0.0334186666666666,21.135104444444444,0
Noir45.jpg,155.03188235294118,97.87439607843136,99.69312156862745,54,137,191,102.37941442210052,235805057.0247216,425,0.0772509803921568,36.778164705882354,0
Noir1.jpg,113.41154995841131,108.24188552713662,103.7895253690996,0,0,0,42.31436223608812,2150648233.528035,1603,0.0943673320856727,43.28558224163028,0
Noir28.jpg,117.83699028725512,76.65606496257979,26.863995432533567,4,2,3,90.78753008304744,1392359748.26395,944,0.0536078857583094,28.15158393866021,0
Noir27.jpg,119.64823586206896,162.14495586206897,136.63092,255,255,47,119.03045311939084,522588248.9193465,1000,0.0138193103448275,24.87943264367816,0
Noir4.jpg,58.07678933333333,91.62514666666668,138.13308266666667,37,83,143,67.7231274160201,194336337.2621147,500,0.015072,9.763351111111112,0
Noir9.jpg,73.36238541666667,101.4661625,110.80849375,255,255,255,72.96494278417177,467002347.9764776,600,0.1114270833333333,45.01236458333333,0
Noir33.jpg,124.11974164810692,136.05893541202673,131.98714922048998,81,141,193,72.41994584684103,175226072.75332287,500,0.0406592427616926,22.55568225686711,0
Noir18.jpg,140.9145102798962,132.02411746206462,115.8341703357182,10,10,12,57.243638985621445,626942155.2009627,1106,0.0668045836936866,41.78345224991482,0
Noir46.jpg,162.98221068643667,135.70905637110113,132.9828125,244,243,249,114.16694375181528,4023947230.726654,2116,0.0115007310373345,9.910495247026622,0
Noir17.jpg,118.5174015983518,121.99533786365826,102.49508864040408,1,1,1,61.59438107037968,853275119.945742,1390,0.2319645438383704,77.45225907034188,0
Noir35.jpg,144.12595287595286,128.29965003465003,93.49640332640332,0,1,0,70.54267801934796,233266995.14568844,444,0.1372765072765072,61.78384384384385,0
Noir44.jpg,94.84439662447258,122.90947679324894,125.6979282700422,132,137,143,92.73347725419788,205809099.3345652,395,0.2284936708860759,77.19976511954992,0
Noir37.jpg,130.24001068116715,66.35611048659065,53.67430656443619,93,1,24,88.31140973389992,553350785.2870848,559,0.0783235796101747,45.92002818433852,0
Noir32.jpg,145.05106088888888,142.6078097777778,154.15802755555555,254,254,254,61.73402922784864,1596687028.2584746,1500,0.0408013333333333,36.86699348148148,0
Noir7.jpg,58.64861603768099,160.76394138512532,173.04441181601442,255,255,255,123.01829840394024,204411477.24108803,593,0.1354923823922777,56.40608342540366,0
Noir42.jpg,91.84300823147916,97.17866467115655,112.11760705080236,234,254,255,66.02258265507257,589115992.219065,633,0.0853280119730606,48.98845375682493,0
Noir3.jpg,227.6719205397301,233.17369415292356,194.60490104947527,255,255,255,101.42402623010202,129302583.08732666,667,0.0103778110944527,7.50959420289855,0
Noir31.jpg,35.343736351958896,145.91953757225434,200.3695488118176,1,255,255,174.28417940155356,496403267.6096085,900,0.0174486191393705,13.55992453436095,0
Noir10.jpg,155.31370162963867,134.17400868733725,101.65813318888348,176,175,171,91.21611615660366,616118609.91771,768,0.0807507832845052,46.98953713311089,0
Noir15.jpg,93.54783908045977,163.20129885057472,164.5485,248,15,18,111.8942535091924,126023231.7563986,500,0.0264597701149425,16.464264367816092,0
Noir13.jpg,172.88378301093357,164.05385814409868,150.96266218110458,246,229,125,91.3240421126645,1096573484.4438918,1500,0.0079865433137089,7.087272404448182,0
Noir43.jpg,125.90026587301588,88.36847619047619,78.05393386243387,20,46,59,94.56210734603128,728824401.3828895,630,0.0516825396825396,30.7745582010582,0
Noir29.jpg,116.76580830204422,95.2602962035878,29.320561118064248,0,0,0,118.214686208777,822669231.6992445,799,0.0783948685857321,49.482587261855095,0
Noir5.jpg,94.9527632439503,117.623677421699,96.93170009446987,250,238,2,107.99009263239633,499705955.6922015,556,0.0266804738027759,18.08972458396919,0
Noir20.jpg,134.67977624784854,178.92452581755597,116.91172590361444,255,255,255,153.33548049473518,1486794492.7648747,2324,0.0083868330464716,8.58030966724039,0
Noir39.jpg,126.30998323710187,97.39478115105234,113.02034270813932,255,253,254,115.4719473876212,246330195.809774,413,0.0391432296517042,23.76907183212268,0
Noir34.jpg,142.3848486008987,106.67478341162854,113.36291743259804,88,97,102,106.15906800908476,377240516.44805694,612,0.0387412343409586,24.00798341616739,0
Noir49.jpg,102.60068426724138,122.97978987068966,106.5033297413793,254,226,2,142.9046581451942,144158406.67400727,290,0.0627801724137931,34.66427083333333,0
Noir48.jpg,61.8876113671275,120.89181362007167,158.48258986175117,237,237,237,110.5170081012052,3448634855.3705235,2170,0.0066871479774705,4.518881037719748,0
Noir6.jpg,176.69008039192883,138.41853230214574,34.04005422457406,255,255,255,146.7625754318437,212066429.74172348,593,0.0438339535965575,23.470170427012462,0
Pink18.jpg,147.1352889960485,128.54002857589356,108.70348603576451,101,233,176,77.04612335208286,141056560.3724436,378,0.1868093228852722,70.10749447458308,0
Pink97.jpg,118.09008141677069,105.6861234920069,112.49168598086408,44,41,36,54.22322769220735,155407138.4505414,355,0.181939739704047,71.18922168736752,0
Pink48.jpg,142.58828697113103,120.50241109101869,131.20364100393726,255,255,255,40.74507711882124,131152145.59139818,329,0.1756313082733766,67.5149966441375,0
Pink35.jpg,129.12197283976883,109.43191622640616,115.796918767507,255,254,255,74.1779228951944,142699683.8740599,357,0.2519353733054403,86.0869154975633,0
Pink59.jpg,136.61347833838474,150.95403221013848,130.10478992096037,196,189,179,65.74870157044492,126142875.79607858,355,0.187953883639389,73.77431706978864,0
Pink73.jpg,146.55107124529593,96.4237263370966,72.17596077089748,234,254,59,122.9611019387265,228135910.78797072,592,0.1481319135591287,75.1180769376972,0
Pink44.jpg,72.04433238425212,79.8877053960413,82.74442271848879,29,26,47,52.94597603876976,178540326.07823843,369,0.0878300344184876,44.26947045841767,0
Pink1.jpg,94.40400843881856,70.04616736990155,77.35842123769339,5,25,26,65.38363012370071,240579213.00687984,480,0.0356232419127988,27.12070294186592,0
Pink58.jpg,132.76421866027513,119.642536139615,126.61647067635384,136,166,192,70.96028629515254,135368648.80824727,338,0.1458817067385714,63.964378448555664,0
Pink52.jpg,133.217703664026,116.23212389463691,120.5302218713879,189,189,187,47.95457051283663,185117799.5331227,449,0.1749551276629735,68.19364175429693,0
Pink50.jpg,132.16959535602905,114.62516707288307,114.38900463872946,123,117,103,82.76275591551635,137399909.4746182,322,0.1449733993762612,63.85528430781596,0
Pink32.jpg,121.78108967919094,112.78856071261134,113.43372513562387,97,101,102,58.83549927325839,267668311.64916095,630,0.1601600696537405,67.77437099546805,0
Pink38.jpg,126.30450466512151,130.95954715635585,139.96165091816724,255,255,255,65.2993092199706,136160665.66890717,355,0.1208652760444523,57.71248192389216,0
Pink5.jpg,151.82083556189457,120.92725381826826,108.82911392405065,29,30,34,69.91815418392412,134700817.0811508,355,0.172431211743032,71.74683148115132,0
Pink100.jpg,131.2166566204541,111.88284776639208,113.50662380282634,116,115,110,53.785215380860095,131348546.99115506,315,0.1736320407206483,72.18394838479227,0
Pink31.jpg,104.8742992412987,119.39963550642815,134.53304213466453,0,174,189,94.31600514194972,92394265.63490523,213,0.2516491353182385,89.25794853509241,0
Pink33.jpg,132.3648514711296,86.72321335863091,78.53584138041703,0,0,0,70.99934037333236,152839507.0366749,447,0.1749638943165406,69.48784677975061,0
Pink17.jpg,117.23879318549538,113.3335395450652,92.42857935979188,16,17,12,54.51983873366186,109560663.19819674,266,0.1682925668601884,67.83234986199676,0
Pink3.jpg,119.84844564741472,84.5380129761573,72.50445806631373,3,0,0,65.71784846482552,46748035.703911096,194,0.2154798391911793,76.67144316628853,0
Pink56.jpg,83.52171568160908,89.54507312585261,91.5683829827734,0,0,0,26.937960321525072,121052325.46808766,266,0.1300244281590051,55.42756416357349,0
Pink4.jpg,129.06194211683604,133.78952873358293,133.07381589112737,255,255,255,51.9174300993618,134490343.6623789,355,0.1460509894811909,64.73883045106079,0
Pink23.jpg,129.44874903429013,112.94261603375529,85.16282165567243,125,106,92,72.57238108767456,150916005.4681104,355,0.1545730076662506,67.765688080664,0
Pink10.jpg,148.3397830018083,151.32169981916817,152.76757082579869,249,255,255,71.48547377903755,68477702.41928747,210,0.2223226843480008,78.64359051637533,0
Pink63.jpg,72.03681406012372,79.88558425668644,82.7277680582713,27,23,40,52.968460034767375,178529970.32334834,369,0.0861891530307708,44.26640214362762,0
Pink46.jpg,117.28010630013944,90.33806885061844,97.9691104833306,31,19,23,52.519624977125545,212881441.80482292,466,0.1326352293511526,61.70588634758516,0
Pink40.jpg,151.04566512715246,148.0493998745581,152.9218268901813,234,231,240,68.00543701698314,98961910.7106023,296,0.1624615121450564,70.73218154863724,0
Pink41.jpg,182.86686428456977,131.3030710890349,132.2385515141804,255,254,255,64.6890330120526,138841878.25360614,395,0.1436094642952518,60.06061528601186,0
Pink20.jpg,127.1042184880143,118.94576953549648,131.90371823927185,255,255,255,67.66877436621506,184010131.06382167,458,0.1512999097156965,66.7764634348571,0
Pink93.jpg,113.85383729008862,109.67508006710386,114.36086116618372,61,61,61,45.444836984734366,110546310.52141844,249,0.1401555589446393,60.55194053287693,0
Pink99.jpg,127.55312475121409,116.10259533476632,103.51517395111854,167,170,163,40.84980329816028,110645269.01156418,265,0.10034232943237,49.50693416129289,0
Pink82.jpg,133.22406096999427,116.2290556604926,120.5513753018898,189,189,187,48.1673145463744,185037143.55993244,449,0.1762613590444776,68.5754857645839,0
Pink79.jpg,150.52544187338188,98.59828715274978,90.20312290037356,54,32,34,85.60865331025269,193373205.24666604,471,0.1386895643527103,57.666951842594834,0
Pink30.jpg,128.9903403972882,109.43992675295122,115.82403522495616,255,255,255,72.89198984747904,142601947.37000817,356,0.25289788081354,85.6094043837608,0
Pink88.jpg,116.81297046413502,101.58886075949368,104.5092658227848,166,143,129,65.15919321522935,109256589.63020492,250,0.2374430379746835,80.51614345991561,0
Pink11.jpg,123.9524075452966,104.01351141722512,111.70155435591958,252,255,255,64.57864386840406,59409462.366268754,136,0.2887658227848101,92.27928249358816,0
Pink90.jpg,151.04064032386816,148.05231497320105,152.90249030676245,234,231,240,67.97530338921581,98957630.923408,296,0.1633025430493785,71.11165516782606,0
Pink47.jpg,102.9030680111564,87.16035185582493,94.30307516269755,33,31,34,56.34179508264776,133672745.7830946,295,0.1343703068011156,55.89076259267205,0
Pink36.jpg,141.52314214939025,93.12078887195122,72.04018197408537,239,237,56,105.1221168310164,183017515.924712,512,0.1606469131097561,76.8172637195122,0
Pink19.jpg,79.44853922982428,85.84402428385765,87.8858712100981,0,0,0,26.83399467494321,107532244.7260358,237,0.1395164592568854,57.81254487944121,0
Pink68.jpg,140.03486658346705,129.53681583169904,148.4960480180662,255,255,255,36.53988857029732,135323020.2983117,355,0.1505378261127949,64.35814068659495,0
Pink66.jpg,112.3653781512605,69.38389355742297,64.8278431372549,41,46,52,79.81805450685127,71867021.71064787,238,0.1803921568627451,77.21102240896359,0
Pink45.jpg,131.69178005382776,130.2612178528708,140.30389877392344,240,233,227,62.32312462137392,219986072.3223879,640,0.1199125299043062,57.050624252392346,0
Pink8.jpg,151.56924158822892,115.02616394388546,127.7597461141765,33,109,197,76.39573305975688,94132824.55623746,234,0.1359407118900789,67.92732037457776,0
Pink49.jpg,112.29805586711532,118.92603348822304,112.82415344763126,57,114,195,88.31209737077607,133560051.7738636,316,0.1411699513966778,59.82334784311631,0
Pink85.jpg,163.53327305605788,163.09767597615698,165.13897260732705,255,255,255,56.27011441442092,92238477.1817681,315,0.165862969660438,67.01264483289799,0
Pink12.jpg,92.56185905496407,73.69981417833291,100.31529605722748,34,29,52,38.134722398499314,146545165.67428482,302,0.1626777880235839,63.77396354355865,0
Pink34.jpg,143.13603537812398,125.12036135453856,95.80943010927189,208,194,159,43.10149112391576,123637366.7763146,312,0.1509047387211944,56.751875293014535,0
Pink16.jpg,116.25356057916125,104.84419260662013,114.32594587130627,255,255,255,37.64520884475189,90321783.796346,284,0.1956444549650846,74.28041451322314,0
Pink98.jpg,105.25497957270107,110.49626950639608,116.26564865045876,43,63,72,62.23131835924799,140027189.9756773,315,0.1593932087602973,68.94466546112116,0
Pink92.jpg,128.92197265315187,105.66975984264458,93.27987690745852,254,249,246,50.08481954214068,107310937.27199444,266,0.1399225912883474,62.5646870340408,0
Pink13.jpg,158.30794359721995,137.428138908816,97.6758730011802,243,253,255,81.35626974448097,190095857.27343076,547,0.1333973572767454,57.69059079443686,0
Pink81.jpg,114.00527099580673,94.87746730937543,106.0596856997296,44,48,60,27.18873350752009,150293237.50925237,323,0.1045316194432469,46.14874615180294,0
Pink89.jpg,112.7603277401629,105.5316333038956,97.37833627710724,118,123,126,49.82235949977558,76133966.91477464,172,0.2235428319105092,81.32232280116443,0
Pink67.jpg,123.27923112986404,131.71200857276807,109.10308753599892,255,255,255,60.55183803517495,122731497.26146728,315,0.2478400642957605,78.23122586118367,0
Pink94.jpg,157.75310701956272,141.49547851937092,113.23176064441888,254,227,180,58.269451440558925,154386168.24917763,440,0.2732786728039892,86.66022887098836,0
Pink24.jpg,153.68862298487937,125.51179254357278,119.51133725776872,255,255,255,63.07611285335368,127602505.33675054,329,0.1675900632270144,69.76946293375057,0
Pink61.jpg,120.0475422236405,120.185866751764,118.34580836554032,205,211,209,68.76598346514116,139646470.1526241,357,0.2105449774846647,77.5908571586159,0
Pink25.jpg,135.4409899573124,128.33601056086067,75.81397586793989,255,255,255,85.8261550783493,67862705.5076558,171,0.0961334419029289,44.21040294124904,0
Pink91.jpg,129.8097267980656,106.43018226306764,129.42600620388032,85,87,125,41.30012316433889,193590852.26204333,438,0.1370392848197599,56.40393939977779,0
Pink75.jpg,153.9019793598323,126.80016931387568,141.1975059797361,30,33,42,48.13791948381963,117982921.82171863,314,0.1964914402429519,70.57832110510898,0
Pink9.jpg,144.07639119005017,128.90237369386088,127.07194534649966,137,196,238,76.29095586705571,150723832.29332626,382,0.19081229151479,70.03208186979478,0
Pink96.jpg,207.04101658325973,185.6617309390639,191.1196349720341,255,255,255,44.12354150165431,81081195.14357184,430,0.1318074771857521,44.14700552775325,0
Pink29.jpg,86.40641189980238,84.23165358115686,76.47745642614254,6,81,113,63.16779611011592,226439093.48768476,474,0.1504611084405989,67.61484982819705,0
Pink64.jpg,115.99621232352364,88.02654489131015,117.37262992041872,11,5,33,56.48542762499893,215173721.19971985,474,0.1472297886734675,63.7655216103782,0
Pink60.jpg,164.16260081183572,157.66521791379586,162.72963734444266,255,255,255,43.4587672316606,93646547.24240844,316,0.1606646904876355,60.14277225871922,0
Pink54.jpg,112.47859232222828,79.00840646113225,77.71133933887293,28,28,30,84.64312806488071,151228351.89034897,326,0.2095079081566617,79.30077312693605,0
Pink6.jpg,154.9980549769446,138.9026776335701,113.32706653136071,255,255,255,55.78488004446371,168664456.1852886,474,0.2607443607683953,83.83229776804525,0
Pink43.jpg,162.49022034692922,124.25720581340836,120.17717768401312,201,218,212,77.59248601803712,84676647.56573105,225,0.1384810126582278,60.1710017190186,0
Pink39.jpg,86.69577106877816,85.47947129432909,61.39468437747348,16,13,8,29.068149587508824,299870979.2742895,709,0.1776883112245809,80.48576668471867,0
Pink27.jpg,156.50891214973493,149.2907876230661,151.82438737422913,241,231,242,64.18869271884319,100989267.30301212,312,0.1661054311370767,68.12232229795521,0
Pink21.jpg,179.11302861329318,155.92095730391958,149.15200727203657,247,255,255,66.10956832946607,95900886.5021717,311,0.2638623197253992,88.43483658268549,0
Pink78.jpg,123.2345458463772,90.6500782632367,64.78730547615807,47,39,36,70.79865193815348,174394057.4436026,372,0.1191245859988203,48.87573537195832,0
Pink74.jpg,115.69150910644662,107.07152299311008,110.0517612027987,4,2,7,54.17257231068368,123248121.4799362,316,0.1713000053410244,67.60625522975306,0
Pink70.jpg,120.83459245864309,117.33195365347264,111.42682338758289,183,182,177,34.768166324497976,122306800.69776928,315,0.1877570156051168,71.76479137365213,0
Pink71.jpg,130.39544,96.20153333333332,95.60398666666669,255,250,255,81.52655836611075,68387586.75131185,300,0.2403333333333333,88.34738666666667,0
Pink14.jpg,139.5516875,117.98725,109.44955208333332,129,181,231,70.10837976635179,85965755.3597539,320,0.1684375,65.82273611111111,0
Pink22.jpg,128.9903403972882,109.43992675295122,115.82403522495616,255,255,255,72.89198984747904,142601947.37000817,356,0.25289788081354,85.6094043837608,0
Pink15.jpg,120.43370412990666,80.248288407667,77.08745684695052,255,255,255,82.94236438218731,159614970.6186478,363,0.155287047692111,68.88423940207599,0
Pink77.jpg,158.70496298476868,132.16095356469216,115.04815796072788,252,205,185,63.60298120244471,139687672.79289195,387,0.1959517657192075,71.64858607994708,0
Pink7.jpg,125.16873812618738,97.8947805219478,97.06617338266172,235,242,252,78.6199362475365,180167437.96279785,548,0.1756374362563743,74.54160583941606,0
Pink86.jpg,131.81469067569978,138.5433172876924,139.57734593213289,255,255,255,38.68963391580221,125542935.47814482,355,0.1653473584120758,65.32830569917395,0
Pink65.jpg,144.68907641819035,91.03554350010046,63.001761435938654,2,2,10,104.82297398209532,121122712.3761274,315,0.1301587301587301,62.53476659299445,0
Pink42.jpg,118.47806341740328,89.1707890682021,93.46354715757036,57,61,73,76.40761202351442,48302789.88297234,209,0.2118846808855729,79.17841889006029,0
Pink84.jpg,130.6690952370359,96.34846462444293,95.4975232289975,48,20,60,85.26566621144205,241804726.98098272,569,0.1967327386116734,76.66661228646501,0
Pink28.jpg,112.78863009845288,69.87988748241912,65.16905203938116,55,60,66,82.94178395968952,176424341.55366805,375,0.1531645569620253,68.11416971401782,0
Pink72.jpg,163.1836869317169,117.25877458845902,83.87069590539015,198,142,95,76.94099304893659,143844719.34842974,355,0.1781125571997385,64.85873100770587,0
Pink37.jpg,153.68862298487937,125.51179254357278,119.51133725776872,255,255,255,63.07611285335368,127602505.33675054,329,0.1675900632270144,69.76946293375057,0
Pink55.jpg,117.55096494723183,108.17095759136092,92.30788406330136,8,92,116,74.95669792852757,175818915.83001298,413,0.1763212472287778,74.0705124930613,0
Pink53.jpg,115.31766017296586,90.91640731763276,91.03169295069377,15,20,24,62.57021454954146,344870158.4838268,846,0.2142696830954304,79.17870062809016,0
Pink57.jpg,140.63500327859506,81.73090574751967,96.3159282700422,2,2,2,98.07920552717886,241315452.7224449,592,0.1840681662675333,77.8524097673623,0
Pink95.jpg,139.68248654554753,131.75519870744267,128.8985191384501,234,222,206,45.48884101157574,133524975.43823288,363,0.2177354674477804,77.42645286776472,0
Pink87.jpg,150.1209031424069,150.73909017625655,135.55355962729763,14,15,9,59.228760250543786,188706658.64577484,581,0.0736145304545487,42.69297442936302,0
Pink51.jpg,116.16939401510103,112.67178131245836,116.17443232289584,255,255,255,43.07060075493588,131181490.3426397,304,0.1225571840994892,53.43493689392257,0
Pink80.jpg,131.18397963967584,111.91486839461524,113.48307548054385,116,117,111,54.65780213108211,131289642.32194068,315,0.1725671421873953,72.73350077020963,0
Pink62.jpg,117.32351448240856,112.79567589860729,102.43313188033376,110,105,102,75.11515782435767,113473183.08493176,266,0.136091811808001,55.02520277486966,0
Pink26.jpg,152.4934229246441,117.80763070819413,107.61466793492842,230,224,210,64.36727453819005,209948521.59609488,519,0.1070217799565864,47.64517125598562,0
Pink69.jpg,156.46570377583035,149.30536622308773,151.7947500811425,241,231,242,63.06595652747124,101191250.42195868,312,0.1605404089581305,66.44148048973999,0
Pink2.jpg,96.49686826066574,96.32385372714486,58.65027660571965,9,5,4,71.73405094422473,99665376.71880417,225,0.1715611814345991,69.31813095796218,0
Pink76.jpg,85.49130916893478,76.3045283046039,79.02538485908902,13,9,8,54.96695903906831,256854966.9045996,586,0.2494671735718091,87.0568288187094,0
Pink83.jpg,102.78920937953932,102.3175347582486,96.19665905789584,255,255,255,47.08932647638211,131993200.3453827,305,0.1902054368126167,72.16288994950543,0
